;fixed acidity;volatile acidity;citric acid;residual sugar;chlorides;free sulfur dioxide;total sulfur dioxide;density;pH;sulphates;alcohol;quality
0;7.4;0.7;0.0;1.9;0.076;11.0;34.0;0.9978;3.51;0.56;9.4;5
2;7.8;0.76;0.04;2.3;0.092;15.0;54.0;0.997;3.26;0.65;9.8;5
4;7.4;0.7;0.0;1.9;0.076;11.0;34.0;0.9978;3.51;0.56;9.4;5
6;7.9;0.6;0.06;1.6;0.069;15.0;59.0;0.9964;3.3;0.46;9.4;5
8;7.8;0.58;0.02;2.0;0.073;9.0;18.0;0.9968;3.36;0.57;9.5;7
10;6.7;0.58;0.08;1.8;0.09699999999999999;15.0;65.0;0.9959;3.28;0.54;9.2;5
12;5.6;0.615;0.0;1.6;0.08900000000000001;16.0;59.0;0.9943;3.58;0.52;9.9;5
14;8.9;0.62;0.18;3.8;0.17600000000000002;52.0;145.0;0.9986;3.16;0.88;9.2;5
16;8.5;0.28;0.56;1.8;0.092;35.0;103.0;0.9969;3.3;0.75;10.5;7
18;7.4;0.59;0.08;4.4;0.086;6.0;29.0;0.9974;3.38;0.5;9.0;4
20;8.9;0.22;0.48;1.8;0.077;29.0;60.0;0.9968;3.39;0.53;9.4;6
22;7.9;0.43;0.21;1.6;0.106;10.0;37.0;0.9966;3.17;0.91;9.5;5
24;6.9;0.4;0.14;2.4;0.085;21.0;40.0;0.9968;3.43;0.63;9.7;6
26;7.6;0.41;0.24;1.8;0.08;4.0;11.0;0.9962;3.28;0.59;9.5;5
28;7.1;0.71;0.0;1.9;0.08;14.0;35.0;0.9972;3.47;0.55;9.4;5
30;6.7;0.675;0.07;2.4;0.08900000000000001;17.0;82.0;0.9958;3.35;0.54;10.1;5
32;8.3;0.655;0.12;2.3;0.083;15.0;113.0;0.9966;3.17;0.66;9.8;5
34;5.2;0.32;0.25;1.8;0.10300000000000001;13.0;50.0;0.9957;3.38;0.55;9.2;5
36;7.8;0.6;0.14;2.4;0.086;3.0;15.0;0.9975;3.42;0.6;10.8;6
38;5.7;1.13;0.09;1.5;0.172;7.0;19.0;0.9940000000000001;3.5;0.48;9.8;4
40;7.3;0.45;0.36;5.9;0.07400000000000001;12.0;87.0;0.9978;3.33;0.83;10.5;5
42;7.5;0.49;0.2;2.6;0.332;8.0;14.0;0.9968;3.21;0.9;10.5;6
44;6.8;0.67;0.02;1.8;0.05;5.0;11.0;0.9962;3.48;0.52;9.5;5
46;7.7;0.935;0.43;2.2;0.114;22.0;114.0;0.997;3.25;0.73;9.2;5
48;6.4;0.4;0.23;1.6;0.066;5.0;12.0;0.9958;3.34;0.56;9.2;5
50;8.8;0.66;0.26;1.7;0.07400000000000001;4.0;23.0;0.9971;3.15;0.74;9.2;5
52;6.6;0.5;0.04;2.1;0.068;6.0;14.0;0.9955;3.39;0.64;9.4;6
54;7.6;0.51;0.15;2.8;0.11;33.0;73.0;0.9955;3.17;0.63;10.2;6
56;10.2;0.42;0.57;3.4;0.07;4.0;10.0;0.9971;3.04;0.63;9.6;5
58;7.8;0.59;0.18;2.3;0.076;17.0;54.0;0.9975;3.43;0.59;10.0;5
60;8.8;0.4;0.4;2.2;0.079;19.0;52.0;0.998;3.44;0.64;9.2;5
62;7.5;0.52;0.16;1.9;0.085;12.0;35.0;0.9968;3.38;0.62;9.5;7
64;7.2;0.725;0.05;4.65;0.086;4.0;11.0;0.9962;3.41;0.39;10.9;5
66;7.5;0.52;0.11;1.5;0.079;11.0;39.0;0.9968;3.42;0.58;9.6;5
68;9.3;0.32;0.57;2.0;0.07400000000000001;27.0;65.0;0.9969;3.28;0.79;10.7;5
70;7.7;0.63;0.08;1.9;0.076;15.0;27.0;0.9967;3.32;0.54;9.5;6
72;7.7;0.69;0.22;1.9;0.084;18.0;94.0;0.9961;3.31;0.48;9.5;5
74;9.7;0.32;0.54;2.5;0.094;28.0;83.0;0.9984;3.28;0.82;9.6;5
76;8.8;0.41;0.64;2.2;0.09300000000000001;9.0;42.0;0.9986;3.54;0.66;10.5;5
78;6.7;0.75;0.12;2.0;0.086;12.0;80.0;0.9958;3.38;0.52;10.1;5
80;6.2;0.45;0.2;1.6;0.069;3.0;15.0;0.9958;3.41;0.56;9.2;5
82;7.4;0.5;0.47;2.0;0.086;21.0;73.0;0.997;3.36;0.57;9.1;5
84;6.3;0.3;0.48;1.8;0.069;18.0;61.0;0.9959;3.44;0.78;10.3;6
86;8.6;0.49;0.28;1.9;0.11;20.0;136.0;0.9972;2.93;1.95;9.9;6
88;9.3;0.39;0.44;2.1;0.107;34.0;125.0;0.9978;3.14;1.22;9.5;5
90;7.9;0.52;0.26;1.9;0.079;42.0;140.0;0.9964;3.23;0.54;9.5;5
92;8.6;0.49;0.29;2.0;0.11;19.0;133.0;0.9972;2.93;1.98;9.8;5
94;5.0;1.02;0.04;1.4;0.045;41.0;85.0;0.9938;3.75;0.48;10.5;4
96;6.8;0.775;0.0;3.0;0.102;8.0;23.0;0.9965;3.45;0.56;10.7;5
98;7.6;0.9;0.06;2.5;0.079;5.0;10.0;0.9967;3.39;0.56;9.8;5
100;8.3;0.61;0.3;2.1;0.084;11.0;50.0;0.9972;3.4;0.61;10.2;6
102;8.1;0.545;0.18;1.9;0.08;13.0;35.0;0.9972;3.3;0.59;9.0;6
104;7.2;0.49;0.24;2.2;0.07;5.0;36.0;0.996;3.33;0.48;9.4;5
106;7.8;0.41;0.68;1.7;0.467;18.0;69.0;0.9973;3.08;1.31;9.3;5
108;8.0;0.33;0.53;2.5;0.091;18.0;80.0;0.9976;3.37;0.8;9.6;6
110;7.8;0.56;0.19;1.8;0.10400000000000001;12.0;47.0;0.9964;3.19;0.93;9.5;5
112;8.4;0.6;0.1;2.2;0.085;14.0;111.0;0.9964;3.15;0.66;9.8;5
114;7.8;0.56;0.19;1.8;0.10400000000000001;12.0;47.0;0.9964;3.19;0.93;9.5;5
116;8.3;0.54;0.28;1.9;0.077;11.0;40.0;0.9978;3.39;0.61;10.0;6
118;8.8;0.55;0.04;2.2;0.11900000000000001;14.0;56.0;0.9962;3.21;0.6;10.9;6
120;7.3;1.07;0.09;1.7;0.17800000000000002;10.0;89.0;0.9962;3.3;0.57;9.0;5
122;7.3;0.695;0.0;2.5;0.075;3.0;13.0;0.998;3.49;0.52;9.2;5
124;7.8;0.5;0.17;1.6;0.08199999999999999;21.0;102.0;0.996;3.39;0.48;9.5;5
126;8.2;1.33;0.0;1.7;0.081;3.0;12.0;0.9964;3.53;0.49;10.9;5
128;8.0;0.59;0.16;1.8;0.065;3.0;16.0;0.9962;3.42;0.92;10.5;7
130;8.0;0.745;0.56;2.0;0.11800000000000001;30.0;134.0;0.9968;3.24;0.66;9.4;5
132;5.6;0.5;0.09;2.3;0.049;17.0;99.0;0.9937;3.63;0.63;13.0;5
134;7.9;1.04;0.05;2.2;0.084;13.0;29.0;0.9959;3.22;0.55;9.9;6
136;8.3;0.715;0.15;1.8;0.08900000000000001;10.0;52.0;0.9968;3.23;0.77;9.5;5
138;7.8;0.56;0.19;2.1;0.081;15.0;105.0;0.9962;3.33;0.54;9.5;5
140;8.4;0.745;0.11;1.9;0.09;16.0;63.0;0.9965;3.19;0.82;9.6;5
142;5.2;0.34;0.0;1.8;0.05;27.0;63.0;0.9916;3.68;0.79;14.0;6
144;5.2;0.34;0.0;1.8;0.05;27.0;63.0;0.9916;3.68;0.79;14.0;6
146;5.8;0.68;0.02;1.8;0.087;21.0;94.0;0.9944;3.54;0.52;10.0;5
148;6.9;0.49;0.1;2.3;0.07400000000000001;12.0;30.0;0.9959;3.42;0.58;10.2;6
150;7.3;0.33;0.47;2.1;0.077;5.0;11.0;0.9958;3.33;0.53;10.3;6
152;7.5;0.6;0.03;1.8;0.095;25.0;99.0;0.995;3.35;0.54;10.1;5
154;7.1;0.43;0.42;5.5;0.07;29.0;129.0;0.9973;3.42;0.72;10.5;5
156;7.1;0.43;0.42;5.5;0.07;29.0;129.0;0.9973;3.42;0.72;10.5;5
158;7.1;0.68;0.0;2.2;0.073;12.0;22.0;0.9969;3.48;0.5;9.3;5
160;7.6;0.95;0.03;2.0;0.09;7.0;20.0;0.9959;3.2;0.56;9.6;5
162;7.8;0.53;0.04;1.7;0.076;17.0;31.0;0.9964;3.33;0.56;10.0;6
164;7.3;0.59;0.26;7.2;0.07;35.0;121.0;0.9981;3.37;0.49;9.4;5
166;6.8;0.64;0.1;2.1;0.085;18.0;101.0;0.9956;3.34;0.52;10.2;5
168;6.8;0.63;0.07;2.1;0.08900000000000001;11.0;44.0;0.9953;3.47;0.55;10.4;6
170;7.9;0.885;0.03;1.8;0.057999999999999996;4.0;8.0;0.9972;3.36;0.33;9.1;4
172;8.0;0.42;0.17;2.0;0.073;6.0;18.0;0.9972;3.29;0.61;9.2;6
174;7.3;0.38;0.21;2.0;0.08;7.0;35.0;0.9961;3.33;0.47;9.5;5
176;7.3;0.38;0.21;2.0;0.08;7.0;35.0;0.9961;3.33;0.47;9.5;5
178;7.0;0.805;0.0;2.5;0.068;7.0;20.0;0.9969;3.48;0.56;9.6;5
180;8.8;0.61;0.14;2.4;0.067;10.0;42.0;0.9969;3.19;0.59;9.5;5
182;7.2;0.73;0.02;2.5;0.076;16.0;42.0;0.9972;3.44;0.52;9.3;5
184;6.7;0.62;0.21;1.9;0.079;8.0;62.0;0.997;3.52;0.58;9.3;6
186;7.4;0.39;0.48;2.0;0.08199999999999999;14.0;67.0;0.9972;3.34;0.55;9.2;5
188;7.9;0.5;0.33;2.0;0.084;15.0;143.0;0.9968;3.2;0.55;9.5;5
190;8.2;0.5;0.35;2.9;0.077;21.0;127.0;0.9976;3.23;0.62;9.4;5
192;6.8;0.63;0.12;3.8;0.099;16.0;126.0;0.9969;3.28;0.61;9.5;5
194;7.6;0.55;0.21;2.2;0.071;7.0;28.0;0.9964;3.28;0.55;9.7;5
196;7.3;0.58;0.3;2.4;0.07400000000000001;15.0;55.0;0.9968;3.46;0.59;10.2;5
198;5.4;0.835;0.08;1.2;0.046;13.0;93.0;0.9924;3.57;0.85;13.0;7
200;9.6;0.32;0.47;1.4;0.055999999999999994;9.0;24.0;0.99695;3.22;0.82;10.3;7
202;6.8;0.5;0.11;1.5;0.075;16.0;49.0;0.99545;3.36;0.79;9.5;5
204;7.0;0.43;0.36;1.6;0.08900000000000001;14.0;37.0;0.99615;3.34;0.56;9.2;6
206;12.8;0.3;0.74;2.6;0.095;9.0;28.0;0.9994;3.2;0.77;10.8;7
208;7.8;0.44;0.28;2.7;0.1;18.0;95.0;0.9966;3.22;0.67;9.4;5
210;9.7;0.53;0.6;2.0;0.039;5.0;19.0;0.99585;3.3;0.86;12.4;6
212;11.6;0.44;0.64;2.1;0.059000000000000004;5.0;15.0;0.998;3.21;0.67;10.2;6
214;7.8;0.735;0.08;2.4;0.092;10.0;41.0;0.9974;3.24;0.71;9.8;6
216;8.7;0.625;0.16;2.0;0.10099999999999999;13.0;49.0;0.9962;3.14;0.57;11.0;5
218;7.5;0.49;0.19;1.9;0.076;10.0;44.0;0.9957;3.39;0.54;9.7;5
220;7.8;0.34;0.37;2.0;0.08199999999999999;24.0;58.0;0.9964;3.34;0.59;9.4;6
222;6.8;0.61;0.04;1.5;0.057;5.0;10.0;0.99525;3.42;0.6;9.5;5
224;8.4;0.635;0.36;2.0;0.08900000000000001;15.0;55.0;0.99745;3.31;0.57;10.4;4
226;8.9;0.59;0.5;2.0;0.337;27.0;81.0;0.9964;3.04;1.61;9.5;6
228;7.7;0.43;0.25;2.6;0.073;29.0;63.0;0.99615;3.37;0.58;10.5;6
230;5.2;0.48;0.04;1.6;0.054000000000000006;19.0;106.0;0.9927;3.54;0.62;12.2;7
232;8.5;0.37;0.2;2.8;0.09;18.0;58.0;0.998;3.34;0.7;9.6;6
234;8.2;1.0;0.09;2.3;0.065;7.0;37.0;0.99685;3.32;0.55;9.0;6
236;7.2;0.63;0.0;1.9;0.09699999999999999;14.0;38.0;0.99675;3.37;0.58;9.0;6
238;7.2;0.63;0.0;1.9;0.09699999999999999;14.0;38.0;0.99675;3.37;0.58;9.0;6
240;8.9;0.635;0.37;1.7;0.263;5.0;62.0;0.9971;3.0;1.09;9.3;5
242;7.7;0.58;0.1;1.8;0.102;28.0;109.0;0.99565;3.08;0.49;9.8;6
244;15.0;0.21;0.44;2.2;0.075;10.0;24.0;1.00005;3.07;0.84;9.2;7
246;7.1;0.68;0.07;1.9;0.075;16.0;51.0;0.99685;3.38;0.52;9.5;5
248;7.7;0.53;0.06;1.7;0.07400000000000001;9.0;39.0;0.99615;3.35;0.48;9.8;6
250;10.8;0.32;0.44;1.6;0.063;16.0;37.0;0.9985;3.22;0.78;10.0;6
252;11.1;0.35;0.48;3.1;0.09;5.0;21.0;0.9986;3.17;0.53;10.5;5
254;7.1;0.6;0.0;1.8;0.07400000000000001;16.0;34.0;0.9972;3.47;0.7;9.9;6
256;9.4;0.34;0.37;2.2;0.075;5.0;13.0;0.998;3.22;0.62;9.2;5
258;7.7;0.41;0.76;1.8;0.611;8.0;45.0;0.9968;3.06;1.26;9.4;5
260;7.9;0.33;0.23;1.7;0.077;18.0;45.0;0.99625;3.29;0.65;9.3;5
262;8.0;0.52;0.03;1.7;0.07;10.0;35.0;0.99575;3.34;0.57;10.0;5
264;12.5;0.56;0.49;2.4;0.064;5.0;27.0;0.9999;3.08;0.87;10.9;5
266;8.1;0.87;0.0;3.3;0.096;26.0;61.0;1.00025;3.6;0.72;9.8;4
268;6.9;0.54;0.04;3.0;0.077;7.0;27.0;0.9987;3.69;0.91;9.4;6
270;7.9;0.545;0.06;4.0;0.087;27.0;61.0;0.9965;3.36;0.67;10.7;6
272;10.9;0.37;0.58;4.0;0.071;17.0;65.0;0.99935;3.22;0.78;10.1;5
274;7.5;0.65;0.18;7.0;0.08800000000000001;27.0;94.0;0.99915;3.38;0.77;9.4;5
276;6.9;0.54;0.04;3.0;0.077;7.0;27.0;0.9987;3.69;0.91;9.4;6
278;10.3;0.32;0.45;6.4;0.073;5.0;13.0;0.9976;3.23;0.82;12.6;8
280;11.4;0.26;0.44;3.6;0.071;6.0;19.0;0.9986;3.12;0.82;9.3;6
282;7.6;0.52;0.12;3.0;0.067;12.0;53.0;0.9971;3.36;0.57;9.1;5
284;9.9;0.59;0.07;3.4;0.102;32.0;71.0;1.00015;3.31;0.71;9.8;5
286;12.0;0.45;0.55;2.0;0.073;25.0;49.0;0.9997;3.1;0.76;10.3;6
288;8.7;0.52;0.09;2.5;0.091;20.0;49.0;0.9976;3.34;0.86;10.6;7
290;8.7;0.52;0.09;2.5;0.091;20.0;49.0;0.9976;3.34;0.86;10.6;7
292;10.4;0.55;0.23;2.7;0.091;18.0;48.0;0.9994;3.22;0.64;10.3;6
294;13.3;0.34;0.52;3.2;0.094;17.0;53.0;1.0014;3.05;0.81;9.5;6
296;10.6;0.83;0.37;2.6;0.086;26.0;70.0;0.9981;3.16;0.52;9.9;5
298;7.2;0.65;0.02;2.3;0.094;5.0;31.0;0.9993;3.67;0.8;9.7;5
300;7.5;0.53;0.06;2.6;0.086;20.0;44.0;0.9965;3.38;0.59;10.7;6
302;8.3;0.705;0.12;2.6;0.092;12.0;28.0;0.9994;3.51;0.72;10.0;5
304;8.4;0.65;0.6;2.1;0.11199999999999999;12.0;90.0;0.9973;3.2;0.52;9.2;5
306;7.6;0.62;0.32;2.2;0.08199999999999999;7.0;54.0;0.9966;3.36;0.52;9.4;5
308;10.3;0.43;0.44;2.4;0.214;5.0;12.0;0.9994;3.19;0.63;9.5;6
310;10.3;0.53;0.48;2.5;0.063;6.0;25.0;0.9998;3.12;0.59;9.3;6
312;9.0;0.46;0.31;2.8;0.09300000000000001;19.0;98.0;0.99815;3.32;0.63;9.5;6
314;7.4;0.36;0.29;2.6;0.087;26.0;72.0;0.99645;3.39;0.68;11.0;5
316;9.6;0.56;0.23;3.4;0.102;37.0;92.0;0.9996;3.3;0.65;10.1;5
318;9.8;0.66;0.39;3.2;0.083;21.0;59.0;0.9989;3.37;0.71;11.5;7
320;9.8;0.66;0.39;3.2;0.083;21.0;59.0;0.9989;3.37;0.71;11.5;7
322;7.8;0.62;0.05;2.3;0.079;6.0;18.0;0.99735;3.29;0.63;9.3;5
324;10.0;0.49;0.2;11.0;0.071;13.0;50.0;1.0015;3.16;0.69;9.2;6
326;11.6;0.53;0.66;3.65;0.121;6.0;14.0;0.9978;3.05;0.74;11.5;7
328;13.4;0.27;0.62;2.6;0.08199999999999999;6.0;21.0;1.0002;3.16;0.67;9.7;6
330;10.2;0.36;0.64;2.9;0.122;10.0;41.0;0.998;3.23;0.66;12.5;6
332;8.0;0.58;0.28;3.2;0.066;21.0;114.0;0.9973;3.22;0.54;9.4;6
334;7.9;0.65;0.01;2.5;0.078;17.0;38.0;0.9963;3.34;0.74;11.7;7
336;8.9;0.43;0.45;1.9;0.052000000000000005;6.0;16.0;0.9948;3.35;0.7;12.5;6
338;12.4;0.49;0.58;3.0;0.10300000000000001;28.0;99.0;1.0008;3.16;1.0;11.5;6
340;12.2;0.34;0.5;2.4;0.066;10.0;21.0;1.0;3.12;1.18;9.2;6
342;10.9;0.39;0.47;1.8;0.11800000000000001;6.0;14.0;0.9982;3.3;0.75;9.8;6
344;11.9;0.57;0.5;2.6;0.08199999999999999;6.0;32.0;1.0006;3.12;0.78;10.7;6
346;6.6;0.815;0.02;2.7;0.07200000000000001;17.0;34.0;0.9955;3.58;0.89;12.3;7
348;9.6;0.56;0.31;2.8;0.08900000000000001;15.0;46.0;0.9979;3.11;0.92;10.0;6
350;10.7;0.67;0.22;2.7;0.107;17.0;34.0;1.0004;3.28;0.98;9.9;6
352;7.7;0.665;0.0;2.4;0.09;8.0;19.0;0.9974;3.27;0.73;9.3;5
354;6.1;0.21;0.4;1.4;0.066;40.5;165.0;0.9912;3.25;0.59;11.9;6
356;11.5;0.41;0.52;3.0;0.08;29.0;55.0;1.0001;3.26;0.88;11.0;5
358;11.9;0.43;0.66;3.1;0.109;10.0;23.0;1.0;3.15;0.85;10.4;7
360;8.2;0.7;0.23;2.0;0.099;14.0;81.0;0.9973;3.19;0.7;9.4;5
362;11.9;0.58;0.66;2.5;0.07200000000000001;6.0;37.0;0.9992;3.05;0.56;10.0;5
364;12.8;0.615;0.66;5.8;0.083;7.0;42.0;1.0022;3.07;0.73;10.0;7
366;12.8;0.615;0.66;5.8;0.083;7.0;42.0;1.0022;3.07;0.73;10.0;7
368;10.3;0.34;0.52;2.8;0.159;15.0;75.0;0.9998;3.18;0.64;9.4;5
370;6.9;0.765;0.02;2.3;0.063;35.0;63.0;0.9975;3.57;0.78;9.9;5
372;9.1;0.28;0.48;1.8;0.067;26.0;46.0;0.9967;3.32;1.04;10.6;6
374;14.0;0.41;0.63;3.8;0.08900000000000001;6.0;47.0;1.0014;3.01;0.81;10.8;6
376;11.5;0.45;0.5;3.0;0.078;19.0;47.0;1.0003;3.26;1.11;11.0;6
378;11.4;0.625;0.66;6.2;0.08800000000000001;6.0;24.0;0.9988;3.11;0.99;13.3;6
380;8.3;0.26;0.42;2.0;0.08;11.0;27.0;0.9974;3.21;0.8;9.4;6
382;8.3;0.26;0.42;2.0;0.08;11.0;27.0;0.9974;3.21;0.8;9.4;6
384;7.7;0.51;0.28;2.1;0.087;23.0;54.0;0.998;3.42;0.74;9.2;5
386;7.8;0.54;0.26;2.0;0.08800000000000001;23.0;48.0;0.9981;3.41;0.74;9.2;6
388;7.8;0.46;0.26;1.9;0.08800000000000001;23.0;53.0;0.9981;3.43;0.74;9.2;6
390;5.6;0.85;0.05;1.4;0.045;12.0;88.0;0.9924;3.56;0.82;12.9;8
392;9.5;0.37;0.52;2.0;0.08199999999999999;6.0;26.0;0.998;3.18;0.51;9.5;5
394;12.7;0.6;0.65;2.3;0.063;6.0;25.0;0.9997;3.03;0.57;9.9;5
396;6.6;0.735;0.02;7.9;0.122;68.0;124.0;0.9994;3.47;0.53;9.9;5
398;11.5;0.59;0.59;2.6;0.087;13.0;49.0;0.9988;3.18;0.65;11.0;6
400;6.6;0.735;0.02;7.9;0.122;68.0;124.0;0.9994;3.47;0.53;9.9;5
402;12.2;0.48;0.54;2.6;0.085;19.0;64.0;1.0;3.1;0.61;10.5;6
404;7.7;0.69;0.05;2.7;0.075;15.0;27.0;0.9974;3.26;0.61;9.1;5
406;9.8;0.44;0.47;2.5;0.063;9.0;28.0;0.9981;3.24;0.65;10.8;6
408;10.4;0.34;0.58;3.7;0.174;6.0;16.0;0.997;3.19;0.7;11.3;6
410;9.0;0.43;0.34;2.5;0.08;26.0;86.0;0.9987;3.38;0.62;9.5;6
412;7.1;0.735;0.16;1.9;0.1;15.0;77.0;0.9966;3.27;0.64;9.3;5
414;8.8;0.52;0.34;2.7;0.087;24.0;122.0;0.9982;3.26;0.61;9.5;5
416;10.6;0.48;0.64;2.2;0.111;6.0;20.0;0.997;3.26;0.66;11.7;6
418;11.9;0.38;0.51;2.0;0.121;7.0;20.0;0.9996;3.24;0.76;10.4;6
420;9.5;0.56;0.33;2.4;0.08900000000000001;35.0;67.0;0.9972;3.28;0.73;11.8;7
422;7.7;0.96;0.2;2.0;0.047;15.0;60.0;0.9955;3.36;0.44;10.9;5
424;7.7;0.96;0.2;2.0;0.047;15.0;60.0;0.9955;3.36;0.44;10.9;5
426;6.4;0.67;0.08;2.1;0.045;19.0;48.0;0.9949;3.49;0.49;11.4;6
428;9.1;0.52;0.33;1.3;0.07;9.0;30.0;0.9978;3.24;0.6;9.3;5
430;10.5;0.24;0.47;2.1;0.066;6.0;24.0;0.9978;3.15;0.9;11.0;7
432;11.9;0.37;0.69;2.3;0.078;12.0;24.0;0.9958;3.0;0.65;12.8;6
434;10.4;0.41;0.55;3.2;0.076;22.0;54.0;0.9996;3.15;0.89;9.9;6
436;8.0;0.67;0.3;2.0;0.06;38.0;62.0;0.9958;3.26;0.56;10.2;6
438;10.4;0.41;0.55;3.2;0.076;22.0;54.0;0.9996;3.15;0.89;9.9;6
440;12.6;0.31;0.72;2.2;0.07200000000000001;6.0;29.0;0.9987;2.88;0.82;9.8;8
442;15.6;0.685;0.76;3.7;0.1;6.0;43.0;1.0032;2.95;0.68;11.2;7
444;5.3;0.57;0.01;1.7;0.054000000000000006;5.0;27.0;0.9934;3.57;0.84;12.5;7
446;12.5;0.38;0.6;2.6;0.081;31.0;72.0;0.9996;3.1;0.73;10.5;5
448;8.6;0.53;0.22;2.0;0.1;7.0;27.0;0.9967;3.2;0.56;10.2;6
450;11.9;0.39;0.69;2.8;0.095;17.0;35.0;0.9994;3.1;0.61;10.8;6
452;6.8;0.56;0.03;1.7;0.084;18.0;35.0;0.9968;3.44;0.63;10.0;6
454;7.0;0.23;0.4;1.6;0.063;21.0;67.0;0.9952;3.5;0.63;11.1;5
456;8.9;0.59;0.39;2.3;0.095;5.0;22.0;0.9986;3.37;0.58;10.3;5
458;10.4;0.33;0.63;2.8;0.084;5.0;22.0;0.9998;3.26;0.74;11.2;7
460;9.2;0.43;0.52;2.3;0.083;14.0;23.0;0.9976;3.35;0.61;11.3;6
462;11.0;0.26;0.68;2.55;0.085;10.0;25.0;0.997;3.18;0.61;11.8;5
464;11.5;0.315;0.54;2.1;0.084;5.0;15.0;0.9987;2.98;0.7;9.2;6
466;10.3;0.5;0.42;2.0;0.069;21.0;51.0;0.9982;3.16;0.72;11.5;6
468;11.4;0.36;0.69;2.1;0.09;6.0;21.0;1.0;3.17;0.62;9.2;6
470;13.0;0.32;0.65;2.6;0.09300000000000001;15.0;47.0;0.9996;3.05;0.61;10.6;5
472;12.5;0.37;0.55;2.6;0.083;25.0;68.0;0.9995;3.15;0.82;10.4;6
474;10.5;0.28;0.51;1.7;0.08;10.0;24.0;0.9982;3.2;0.89;9.4;6
476;9.3;0.27;0.41;2.0;0.091;6.0;16.0;0.998;3.28;0.7;9.7;5
478;9.6;0.68;0.24;2.2;0.087;5.0;28.0;0.9988;3.14;0.6;10.2;5
480;10.6;0.28;0.39;15.5;0.069;6.0;23.0;1.0026;3.12;0.66;9.2;5
482;10.6;0.36;0.59;2.2;0.152;6.0;18.0;0.9986;3.04;1.05;9.4;5
484;10.6;0.44;0.68;4.1;0.114;6.0;24.0;0.997;3.06;0.66;13.4;6
486;10.2;0.67;0.39;1.9;0.054000000000000006;6.0;17.0;0.9976;3.17;0.47;10.0;5
488;11.6;0.32;0.55;2.8;0.081;35.0;67.0;1.0002;3.32;0.92;10.8;7
490;9.3;0.775;0.27;2.8;0.078;24.0;56.0;0.9984;3.31;0.67;10.6;6
492;8.9;0.4;0.51;2.6;0.052000000000000005;13.0;27.0;0.995;3.32;0.9;13.4;7
494;6.5;0.39;0.23;8.3;0.051;28.0;91.0;0.9952;3.44;0.55;12.1;6
496;7.8;0.52;0.25;1.9;0.081;14.0;38.0;0.9984;3.43;0.65;9.0;6
498;10.7;0.35;0.53;2.6;0.07;5.0;16.0;0.9972;3.15;0.65;11.0;8
500;7.8;0.52;0.25;1.9;0.081;14.0;38.0;0.9984;3.43;0.65;9.0;6
502;10.4;0.44;0.73;6.55;0.07400000000000001;38.0;76.0;0.9990000000000001;3.17;0.85;12.0;7
504;10.5;0.24;0.42;1.8;0.077;6.0;22.0;0.9976;3.21;1.05;10.8;7
506;10.4;0.24;0.46;1.8;0.075;6.0;21.0;0.9976;3.25;1.02;10.8;7
508;10.0;0.59;0.31;2.2;0.09;26.0;62.0;0.9994;3.18;0.63;10.2;6
510;12.4;0.42;0.49;4.6;0.073;19.0;43.0;0.9978;3.02;0.61;9.5;5
512;10.7;0.4;0.48;2.1;0.125;15.0;49.0;0.998;3.03;0.81;9.7;6
514;10.5;0.51;0.64;2.4;0.107;6.0;15.0;0.9973;3.09;0.66;11.8;7
516;12.5;0.6;0.49;4.3;0.1;5.0;14.0;1.001;3.25;0.74;11.9;6
518;10.9;0.21;0.49;2.8;0.08800000000000001;11.0;32.0;0.9972;3.22;0.68;11.7;6
520;9.8;0.25;0.49;2.7;0.08800000000000001;15.0;33.0;0.9982;3.42;0.9;10.0;6
522;8.2;0.39;0.49;2.3;0.099;47.0;133.0;0.9979;3.38;0.99;9.8;5
524;9.2;0.43;0.49;2.4;0.086;23.0;116.0;0.9976;3.23;0.64;9.5;5
526;7.3;0.365;0.49;2.5;0.08800000000000001;39.0;106.0;0.9966;3.36;0.78;11.0;5
528;8.2;0.42;0.49;2.6;0.084;32.0;55.0;0.9988;3.34;0.75;8.7;6
530;9.1;0.22;0.24;2.1;0.078;1.0;28.0;0.9990000000000001;3.41;0.87;10.3;6
532;11.9;0.38;0.49;2.7;0.098;12.0;42.0;1.0004;3.16;0.61;10.3;5
534;10.0;0.48;0.24;2.7;0.102;13.0;32.0;1.0;3.28;0.56;10.0;6
536;9.9;0.63;0.24;2.4;0.077;6.0;33.0;0.9974;3.09;0.57;9.4;5
538;12.9;0.35;0.49;5.8;0.066;5.0;35.0;1.0014;3.2;0.66;12.0;7
540;9.2;0.59;0.24;3.3;0.10099999999999999;20.0;47.0;0.9988;3.26;0.67;9.6;5
542;9.3;0.715;0.24;2.1;0.07;5.0;20.0;0.9966;3.12;0.59;9.9;5
544;14.3;0.31;0.74;1.8;0.075;6.0;15.0;1.0008;2.86;0.79;8.4;6
546;7.5;0.55;0.24;2.0;0.078;10.0;28.0;0.9983;3.45;0.78;9.5;6
548;12.4;0.35;0.49;2.6;0.079;27.0;69.0;0.9994;3.12;0.75;10.4;6
550;6.8;0.51;0.01;2.1;0.07400000000000001;9.0;25.0;0.9958;3.33;0.56;9.5;6
552;9.5;0.46;0.24;2.7;0.092;14.0;44.0;0.998;3.12;0.74;10.0;6
554;15.5;0.645;0.49;4.2;0.095;10.0;23.0;1.00315;2.92;0.74;11.1;5
556;10.9;0.53;0.49;4.6;0.11800000000000001;10.0;17.0;1.0002;3.07;0.56;11.7;6
558;10.9;0.53;0.49;4.6;0.11800000000000001;10.0;17.0;1.0002;3.07;0.56;11.7;6
560;12.7;0.6;0.49;2.8;0.075;5.0;19.0;0.9994;3.14;0.57;11.4;5
562;9.0;0.54;0.49;2.9;0.094;41.0;110.0;0.9982;3.08;0.61;9.2;5
564;13.0;0.47;0.49;4.3;0.085;6.0;47.0;1.0021;3.3;0.68;12.7;6
566;8.7;0.7;0.24;2.5;0.226;5.0;15.0;0.9991;3.32;0.6;9.0;6
568;9.8;0.5;0.49;2.6;0.25;5.0;20.0;0.9990000000000001;3.31;0.79;10.7;6
570;11.5;0.35;0.49;3.3;0.07;10.0;37.0;1.0003;3.32;0.91;11.0;6
572;10.2;0.24;0.49;2.4;0.075;10.0;28.0;0.9978;3.14;0.61;10.4;5
574;10.6;0.34;0.49;3.2;0.078;20.0;78.0;0.9992;3.19;0.7;10.0;6
576;9.9;0.5;0.24;2.3;0.10300000000000001;6.0;14.0;0.9978;3.34;0.52;10.0;4
578;8.8;0.47;0.49;2.9;0.085;17.0;110.0;0.9982;3.29;0.6;9.8;5
580;12.3;0.5;0.49;2.2;0.08900000000000001;5.0;14.0;1.0002;3.19;0.44;9.6;5
582;11.7;0.49;0.49;2.2;0.083;5.0;15.0;1.0;3.19;0.43;9.2;5
584;11.8;0.33;0.49;3.4;0.09300000000000001;54.0;80.0;1.0002;3.3;0.76;10.7;7
586;11.1;0.31;0.49;2.7;0.094;16.0;47.0;0.9986;3.12;1.02;10.6;7
588;5.0;0.42;0.24;2.0;0.06;19.0;50.0;0.9917;3.72;0.74;14.0;8
590;9.0;0.45;0.49;2.6;0.084;21.0;75.0;0.9987;3.35;0.57;9.7;5
592;9.0;0.45;0.49;2.6;0.084;21.0;75.0;0.9987;3.35;0.57;9.7;5
594;7.9;0.72;0.17;2.6;0.096;20.0;38.0;0.9978;3.4;0.53;9.5;5
596;12.4;0.4;0.51;2.0;0.059000000000000004;6.0;24.0;0.9994;3.04;0.6;9.3;6
598;8.5;0.585;0.18;2.1;0.078;5.0;30.0;0.9967;3.2;0.48;9.8;6
600;8.2;0.915;0.27;2.1;0.08800000000000001;7.0;23.0;0.9962;3.26;0.47;10.0;4
602;7.7;0.835;0.0;2.6;0.081;6.0;14.0;0.9975;3.3;0.52;9.3;5
604;8.3;0.58;0.13;2.9;0.096;14.0;63.0;0.9984;3.17;0.62;9.1;6
606;9.4;0.41;0.48;4.6;0.07200000000000001;10.0;20.0;0.9973;3.34;0.79;12.2;7
608;10.1;0.65;0.37;5.1;0.11;11.0;65.0;1.0026;3.32;0.64;10.4;6
610;8.8;0.24;0.54;2.5;0.083;25.0;57.0;0.9983;3.39;0.54;9.2;5
612;7.5;0.64;0.0;2.4;0.077;18.0;29.0;0.9965;3.32;0.6;10.0;6
614;9.2;0.755;0.18;2.2;0.14800000000000002;10.0;103.0;0.9969;2.87;1.36;10.2;6
616;9.6;0.6;0.5;2.3;0.079;28.0;71.0;0.9997;3.5;0.57;9.7;5
618;11.4;0.46;0.5;2.7;0.122;4.0;17.0;1.0006;3.13;0.7;10.2;5
620;8.3;0.54;0.24;3.4;0.076;16.0;112.0;0.9976;3.27;0.61;9.4;5
622;10.0;0.58;0.22;1.9;0.08;9.0;32.0;0.9974;3.13;0.55;9.5;5
624;6.8;0.69;0.0;5.6;0.124;21.0;58.0;0.9997;3.46;0.72;10.2;5
626;8.8;0.6;0.29;2.2;0.098;5.0;15.0;0.9988;3.36;0.49;9.1;5
628;8.7;0.54;0.26;2.5;0.09699999999999999;7.0;31.0;0.9976;3.27;0.6;9.3;6
630;8.7;0.54;0.26;2.5;0.09699999999999999;7.0;31.0;0.9976;3.27;0.6;9.3;6
632;7.6;0.41;0.14;3.0;0.087;21.0;43.0;0.9964;3.32;0.57;10.5;6
634;7.9;0.35;0.21;1.9;0.073;46.0;102.0;0.9964;3.27;0.58;9.5;5
636;9.6;0.88;0.28;2.4;0.086;30.0;147.0;0.9979;3.24;0.53;9.4;5
638;7.7;0.915;0.12;2.2;0.14300000000000002;7.0;23.0;0.9964;3.35;0.65;10.2;7
640;9.9;0.54;0.45;2.3;0.071;16.0;40.0;0.9991;3.39;0.62;9.4;5
642;9.9;0.54;0.45;2.3;0.071;16.0;40.0;0.9991;3.39;0.62;9.4;5
644;9.9;0.54;0.45;2.3;0.071;16.0;40.0;0.9991;3.39;0.62;9.4;5
646;7.3;0.67;0.05;3.6;0.107;6.0;20.0;0.9972;3.4;0.63;10.1;5
648;8.7;0.48;0.3;2.8;0.066;10.0;28.0;0.9964;3.33;0.67;11.2;7
650;10.7;0.43;0.39;2.2;0.106;8.0;32.0;0.9986;2.89;0.5;9.6;5
652;15.9;0.36;0.65;7.5;0.096;22.0;71.0;0.9976;2.98;0.84;14.9;5
654;8.6;0.47;0.47;2.4;0.07400000000000001;7.0;29.0;0.9979;3.08;0.46;9.5;5
656;10.7;0.43;0.39;2.2;0.106;8.0;32.0;0.9986;2.89;0.5;9.6;5
658;7.2;0.52;0.07;1.4;0.07400000000000001;5.0;20.0;0.9973;3.32;0.81;9.6;6
660;7.2;0.52;0.07;1.4;0.07400000000000001;5.0;20.0;0.9973;3.32;0.81;9.6;6
662;7.2;0.57;0.06;1.6;0.076;9.0;27.0;0.9972;3.36;0.7;9.6;6
664;12.1;0.4;0.52;2.0;0.092;15.0;54.0;1.0;3.03;0.66;10.2;5
666;8.3;0.49;0.36;1.8;0.222;6.0;16.0;0.998;3.18;0.6;9.5;6
668;10.0;0.73;0.43;2.3;0.059000000000000004;15.0;31.0;0.9966;3.15;0.57;11.0;5
670;6.9;0.4;0.24;2.5;0.083;30.0;45.0;0.9959;3.26;0.58;10.0;5
672;9.8;1.24;0.34;2.0;0.079;32.0;151.0;0.998;3.15;0.53;9.5;5
674;10.8;0.4;0.41;2.2;0.084;7.0;17.0;0.9984;3.08;0.67;9.3;6
676;10.8;0.4;0.41;2.2;0.084;7.0;17.0;0.9984;3.08;0.67;9.3;6
678;8.3;0.78;0.1;2.6;0.081;45.0;87.0;0.9983;3.48;0.53;10.0;5
680;13.3;0.43;0.58;1.9;0.07;15.0;40.0;1.0004;3.06;0.49;9.0;5
682;8.5;0.46;0.31;2.25;0.078;32.0;58.0;0.998;3.33;0.54;9.8;5
684;9.8;0.98;0.32;2.3;0.078;35.0;152.0;0.998;3.25;0.48;9.4;5
686;7.1;0.65;0.18;1.8;0.07;13.0;40.0;0.997;3.44;0.6;9.1;5
688;7.7;0.66;0.04;1.6;0.039;4.0;9.0;0.9962;3.4;0.47;9.4;5
690;7.4;1.185;0.0;4.25;0.09699999999999999;5.0;14.0;0.9966;3.63;0.54;10.7;3
692;8.6;0.49;0.51;2.0;0.42200000000000004;16.0;62.0;0.9979;3.03;1.17;9.0;5
694;9.0;0.47;0.31;2.7;0.084;24.0;125.0;0.9984;3.31;0.61;9.4;5
696;7.0;0.65;0.02;2.1;0.066;8.0;25.0;0.9972;3.47;0.67;9.5;6
698;9.4;0.615;0.28;3.2;0.087;18.0;72.0;1.0001;3.31;0.53;9.7;5
700;10.6;1.02;0.43;2.9;0.076;26.0;88.0;0.9984;3.08;0.57;10.1;6
702;7.0;0.64;0.02;2.1;0.067;9.0;23.0;0.997;3.47;0.67;9.4;6
704;9.1;0.765;0.04;1.6;0.078;4.0;14.0;0.998;3.29;0.54;9.7;4
706;7.0;0.78;0.08;2.0;0.09300000000000001;10.0;19.0;0.9956;3.4;0.47;10.0;5
708;7.8;0.545;0.12;2.5;0.068;11.0;35.0;0.996;3.34;0.61;11.6;6
710;10.6;1.025;0.43;2.8;0.08;21.0;84.0;0.9985;3.06;0.57;10.1;5
712;8.7;0.69;0.0;3.2;0.084;13.0;33.0;0.9992;3.36;0.45;9.4;5
714;9.9;0.74;0.28;2.6;0.078;21.0;77.0;0.998;3.28;0.51;9.8;5
716;8.0;0.43;0.36;2.3;0.075;10.0;48.0;0.9976;3.34;0.46;9.4;5
718;8.4;0.56;0.04;2.0;0.08199999999999999;10.0;22.0;0.9976;3.22;0.44;9.6;5
720;8.4;0.56;0.04;2.0;0.08199999999999999;10.0;22.0;0.9976;3.22;0.44;9.6;5
722;7.6;0.42;0.08;2.7;0.084;15.0;48.0;0.9968;3.21;0.59;10.0;5
724;7.5;1.115;0.1;3.1;0.086;5.0;12.0;0.9958;3.54;0.6;11.2;4
726;8.1;0.72;0.09;2.8;0.084;18.0;49.0;0.9994;3.43;0.72;11.1;6
728;6.4;0.57;0.02;1.8;0.067;4.0;11.0;0.997;3.46;0.68;9.5;5
730;9.5;0.55;0.66;2.3;0.387;12.0;37.0;0.9982;3.17;0.67;9.6;5
732;7.3;0.835;0.03;2.1;0.092;10.0;19.0;0.9966;3.39;0.47;9.6;5
734;7.7;0.56;0.2;2.0;0.075;9.0;39.0;0.9987;3.48;0.62;9.3;5
736;7.7;0.965;0.1;2.1;0.11199999999999999;11.0;22.0;0.9963;3.26;0.5;9.5;5
738;9.0;0.46;0.23;2.8;0.092;28.0;104.0;0.9983;3.1;0.56;9.2;5
740;8.3;0.76;0.29;4.2;0.075;12.0;16.0;0.9965;3.45;0.68;11.5;6
742;6.5;0.615;0.0;1.9;0.065;9.0;18.0;0.9972;3.46;0.65;9.2;5
744;11.1;0.39;0.54;2.7;0.095;21.0;101.0;1.0001;3.13;0.51;9.5;5
746;8.2;0.34;0.38;2.5;0.08;12.0;57.0;0.9978;3.3;0.47;9.0;6
748;7.2;0.5;0.18;2.1;0.071;12.0;31.0;0.99761;3.52;0.72;9.6;6
750;8.3;0.65;0.1;2.9;0.08900000000000001;17.0;40.0;0.99803;3.29;0.55;9.5;5
752;7.6;0.54;0.13;2.5;0.09699999999999999;24.0;66.0;0.99785;3.39;0.61;9.4;5
754;7.8;0.48;0.68;1.7;0.415;14.0;32.0;0.99656;3.09;1.06;9.1;6
756;6.3;0.98;0.01;2.0;0.057;15.0;33.0;0.9948799999999999;3.6;0.46;11.2;6
758;8.1;0.87;0.0;2.2;0.084;10.0;31.0;0.99656;3.25;0.5;9.8;5
760;9.0;0.58;0.25;2.8;0.075;9.0;104.0;0.99779;3.23;0.57;9.7;5
762;8.8;0.7;0.0;1.7;0.069;8.0;19.0;0.9970100000000001;3.31;0.53;10.0;6
764;9.1;0.68;0.11;2.8;0.09300000000000001;11.0;44.0;0.9988799999999999;3.31;0.55;9.5;6
766;8.8;0.59;0.18;2.9;0.08900000000000001;12.0;74.0;0.9973799999999999;3.14;0.54;9.4;5
768;7.1;0.59;0.02;2.3;0.08199999999999999;24.0;94.0;0.99744;3.55;0.53;9.7;6
770;7.1;0.59;0.02;2.3;0.08199999999999999;24.0;94.0;0.99744;3.55;0.53;9.7;6
772;9.5;0.57;0.27;2.3;0.08199999999999999;23.0;144.0;0.99782;3.27;0.55;9.4;5
774;7.9;0.4;0.3;1.8;0.157;2.0;45.0;0.9972700000000001;3.31;0.91;9.5;6
776;6.9;0.765;0.18;2.4;0.243;5.5;48.0;0.9961200000000001;3.4;0.6;10.3;6
778;8.3;0.43;0.3;3.4;0.079;7.0;34.0;0.9978799999999999;3.36;0.61;10.5;5
780;7.0;0.57;0.0;2.0;0.19;12.0;45.0;0.9967600000000001;3.31;0.6;9.4;6
782;9.0;0.82;0.05;2.4;0.081;26.0;96.0;0.9981399999999999;3.36;0.53;10.0;5
784;7.1;0.59;0.01;2.5;0.077;20.0;85.0;0.99746;3.55;0.59;9.8;5
786;9.9;0.35;0.41;2.3;0.083;11.0;61.0;0.9982;3.21;0.5;9.5;5
788;10.0;0.56;0.24;2.2;0.079;19.0;58.0;0.9991;3.18;0.56;10.1;6
790;7.4;0.37;0.43;2.6;0.08199999999999999;18.0;82.0;0.99708;3.33;0.68;9.7;6
792;7.1;0.61;0.02;2.5;0.081;17.0;87.0;0.99745;3.48;0.6;9.7;6
794;10.1;0.27;0.54;2.3;0.065;7.0;26.0;0.99531;3.17;0.53;12.5;6
796;8.7;0.46;0.31;2.5;0.126;24.0;64.0;0.99746;3.1;0.74;9.6;5
798;9.4;0.5;0.34;3.6;0.08199999999999999;5.0;14.0;0.9987;3.29;0.52;10.7;6
800;7.2;0.61;0.08;4.0;0.08199999999999999;26.0;108.0;0.99641;3.25;0.51;9.4;5
802;5.1;0.585;0.0;1.7;0.044000000000000004;14.0;86.0;0.99264;3.56;0.94;12.9;7
804;8.4;0.52;0.22;2.7;0.084;4.0;18.0;0.99682;3.26;0.57;9.9;6
806;8.4;0.25;0.39;2.0;0.040999999999999995;4.0;10.0;0.9938600000000001;3.27;0.71;12.5;7
808;7.4;0.53;0.12;1.9;0.165;4.0;12.0;0.99702;3.26;0.86;9.2;5
810;7.3;0.49;0.1;2.6;0.068;4.0;14.0;0.9956200000000001;3.3;0.47;10.5;5
812;10.8;0.45;0.33;2.5;0.099;20.0;38.0;0.99818;3.24;0.71;10.8;5
814;12.6;0.41;0.54;2.8;0.10300000000000001;19.0;41.0;0.99939;3.21;0.76;11.3;6
816;9.8;0.51;0.19;3.2;0.081;8.0;30.0;0.9984;3.23;0.58;10.5;6
818;7.1;0.715;0.0;2.35;0.071;21.0;47.0;0.9963200000000001;3.29;0.45;9.4;5
820;7.0;0.685;0.0;1.9;0.099;9.0;22.0;0.9960600000000001;3.34;0.6;9.7;5
822;6.7;0.54;0.13;2.0;0.076;15.0;36.0;0.9973;3.61;0.64;9.8;5
824;7.1;0.48;0.28;2.8;0.068;6.0;16.0;0.99682;3.24;0.53;10.3;5
826;7.5;0.27;0.34;2.3;0.05;4.0;8.0;0.9951;3.4;0.64;11.0;7
828;7.8;0.57;0.09;2.3;0.065;34.0;45.0;0.9941700000000001;3.46;0.74;12.7;8
830;7.5;0.685;0.07;2.5;0.057999999999999996;5.0;9.0;0.9963200000000001;3.38;0.55;10.9;4
832;10.4;0.44;0.42;1.5;0.145;34.0;48.0;0.9983200000000001;3.38;0.86;9.9;3
834;8.8;0.685;0.26;1.6;0.08800000000000001;16.0;23.0;0.9969399999999999;3.32;0.47;9.4;5
836;6.7;0.28;0.28;2.4;0.012;36.0;100.0;0.99064;3.26;0.39;11.7;7
838;10.1;0.31;0.35;1.6;0.075;9.0;28.0;0.99672;3.24;0.83;11.2;7
840;11.1;0.42;0.47;2.65;0.085;9.0;34.0;0.99736;3.24;0.77;12.1;7
842;10.6;0.5;0.45;2.6;0.11900000000000001;34.0;68.0;0.99708;3.23;0.72;10.9;6
844;9.9;0.25;0.46;1.7;0.062;26.0;42.0;0.9959;3.18;0.83;10.6;6
846;6.4;0.64;0.21;1.8;0.081;14.0;31.0;0.9968899999999999;3.59;0.66;9.8;5
848;6.4;0.64;0.21;1.8;0.081;14.0;31.0;0.9968899999999999;3.59;0.66;9.8;5
850;9.3;0.43;0.44;1.9;0.085;9.0;22.0;0.99708;3.28;0.55;9.5;5
852;8.0;0.42;0.32;2.5;0.08;26.0;122.0;0.9980100000000001;3.22;1.07;9.7;5
854;9.3;0.36;0.39;1.5;0.08;41.0;55.0;0.9965200000000001;3.47;0.73;10.9;6
856;9.3;0.36;0.39;1.5;0.08;41.0;55.0;0.9965200000000001;3.47;0.73;10.9;6
858;11.7;0.28;0.47;1.7;0.054000000000000006;17.0;32.0;0.9968600000000001;3.15;0.67;10.6;7
860;7.2;0.62;0.06;2.7;0.077;15.0;85.0;0.99746;3.51;0.54;9.5;5
862;7.5;0.42;0.32;2.7;0.067;7.0;25.0;0.9962799999999999;3.24;0.44;10.4;5
864;7.2;0.62;0.06;2.7;0.077;15.0;85.0;0.99746;3.51;0.54;9.5;5
866;6.8;0.49;0.22;2.3;0.071;13.0;24.0;0.9943799999999999;3.41;0.83;11.3;6
868;6.8;0.56;0.22;1.8;0.07400000000000001;15.0;24.0;0.9943799999999999;3.4;0.82;11.2;6
870;7.7;0.715;0.01;2.1;0.064;31.0;43.0;0.99371;3.41;0.57;11.8;6
872;7.3;0.35;0.24;2.0;0.067;28.0;48.0;0.9957600000000001;3.43;0.54;10.0;4
874;10.4;0.38;0.46;2.1;0.10400000000000001;6.0;10.0;0.99664;3.12;0.65;11.8;7
876;7.1;0.47;0.0;2.2;0.067;7.0;14.0;0.9951700000000001;3.4;0.58;10.9;4
878;8.8;0.61;0.19;4.0;0.094;30.0;69.0;0.99787;3.22;0.5;10.0;6
880;9.2;0.56;0.18;1.6;0.078;10.0;21.0;0.9957600000000001;3.15;0.49;9.9;5
882;8.4;0.31;0.29;3.1;0.19399999999999998;14.0;26.0;0.99536;3.22;0.78;12.0;6
884;8.8;0.61;0.19;4.0;0.094;30.0;69.0;0.99787;3.22;0.5;10.0;6
886;9.0;0.8;0.12;2.4;0.083;8.0;28.0;0.99836;3.33;0.65;10.4;6
888;6.8;0.57;0.0;2.5;0.07200000000000001;32.0;64.0;0.9949100000000001;3.43;0.56;11.2;6
890;7.2;0.34;0.24;2.0;0.071;30.0;52.0;0.9957600000000001;3.44;0.58;10.1;5
892;10.1;0.45;0.23;1.9;0.08199999999999999;10.0;18.0;0.99774;3.22;0.65;9.3;6
894;7.2;0.63;0.03;2.2;0.08;17.0;88.0;0.99745;3.53;0.58;9.8;6
896;8.3;0.31;0.39;2.4;0.078;17.0;43.0;0.99444;3.31;0.77;12.5;7
898;8.3;0.31;0.39;2.4;0.078;17.0;43.0;0.99444;3.31;0.77;12.5;7
900;8.9;0.31;0.36;2.6;0.055999999999999994;10.0;39.0;0.9956200000000001;3.4;0.69;11.8;5
902;7.4;0.635;0.1;2.4;0.08;16.0;33.0;0.99736;3.58;0.69;10.8;7
904;6.8;0.59;0.06;6.0;0.06;11.0;18.0;0.9962;3.41;0.59;10.8;7
906;7.2;0.54;0.27;2.6;0.084;12.0;78.0;0.9964;3.39;0.71;11.0;5
908;7.4;0.52;0.13;2.4;0.078;34.0;61.0;0.9952799999999999;3.43;0.59;10.8;6
910;9.3;0.38;0.48;3.8;0.132;3.0;11.0;0.99577;3.23;0.57;13.2;6
912;10.0;0.46;0.44;2.9;0.065;4.0;8.0;0.99674;3.33;0.62;12.2;6
914;7.3;0.305;0.39;1.2;0.059000000000000004;7.0;11.0;0.99331;3.29;0.52;11.5;6
916;5.3;0.715;0.19;1.5;0.161;7.0;62.0;0.99395;3.62;0.61;11.0;5
918;8.4;0.36;0.32;2.2;0.081;32.0;79.0;0.9964;3.3;0.72;11.0;6
920;9.6;0.41;0.37;2.3;0.091;10.0;23.0;0.9978600000000001;3.24;0.56;10.5;5
922;8.4;0.62;0.12;1.8;0.07200000000000001;38.0;46.0;0.9950399999999999;3.38;0.89;11.8;6
924;8.6;0.47;0.27;2.3;0.055;14.0;28.0;0.99516;3.18;0.8;11.2;5
926;9.4;0.24;0.33;2.3;0.061;52.0;73.0;0.9978600000000001;3.47;0.9;10.2;6
928;8.6;0.47;0.27;2.3;0.055;14.0;28.0;0.99516;3.18;0.8;11.2;5
930;6.6;0.61;0.01;1.9;0.08;8.0;25.0;0.99746;3.69;0.73;10.5;5
932;7.6;0.4;0.29;1.9;0.078;29.0;66.0;0.9971;3.45;0.59;9.5;6
934;6.6;0.61;0.01;1.9;0.08;8.0;25.0;0.99746;3.69;0.73;10.5;5
936;8.8;0.3;0.38;2.3;0.06;19.0;72.0;0.9954299999999999;3.39;0.72;11.8;6
938;7.2;0.38;0.38;2.8;0.068;23.0;42.0;0.99356;3.34;0.72;12.9;7
940;9.6;0.33;0.52;2.2;0.07400000000000001;13.0;25.0;0.9950899999999999;3.36;0.76;12.4;7
942;10.1;0.43;0.4;2.6;0.092;13.0;52.0;0.99834;3.22;0.64;10.0;7
944;8.3;0.3;0.49;3.8;0.09;11.0;24.0;0.99498;3.27;0.64;12.1;7
946;10.2;0.44;0.58;4.1;0.092;11.0;24.0;0.99745;3.29;0.99;12.0;7
948;8.9;0.12;0.45;1.8;0.075;10.0;21.0;0.9955200000000001;3.41;0.76;11.9;7
950;8.9;0.12;0.45;1.8;0.075;10.0;21.0;0.9955200000000001;3.41;0.76;11.9;7
952;8.2;0.31;0.4;2.2;0.057999999999999996;6.0;10.0;0.99536;3.31;0.68;11.2;7
954;7.6;0.43;0.4;2.7;0.08199999999999999;6.0;11.0;0.9953799999999999;3.44;0.54;12.2;6
956;9.0;0.36;0.52;2.1;0.111;5.0;10.0;0.9956799999999999;3.31;0.62;11.3;6
958;6.4;0.57;0.12;2.3;0.12;25.0;36.0;0.99519;3.47;0.71;11.3;7
960;8.5;0.47;0.27;1.9;0.057999999999999996;18.0;38.0;0.99518;3.16;0.85;11.1;6
962;6.6;0.57;0.02;2.1;0.115;6.0;16.0;0.99654;3.38;0.69;9.5;5
964;8.5;0.47;0.27;1.9;0.057999999999999996;18.0;38.0;0.99518;3.16;0.85;11.1;6
966;9.0;0.38;0.41;2.4;0.10300000000000001;6.0;10.0;0.9960399999999999;3.13;0.58;11.9;7
968;9.0;0.4;0.43;2.4;0.068;29.0;46.0;0.9943;3.2;0.6;12.2;6
970;10.4;0.26;0.48;1.9;0.066;6.0;10.0;0.99724;3.33;0.87;10.9;6
972;10.1;0.38;0.5;2.4;0.10400000000000001;6.0;13.0;0.9964299999999999;3.22;0.65;11.6;7
974;8.8;0.33;0.41;5.9;0.073;7.0;13.0;0.9965799999999999;3.3;0.62;12.1;7
976;7.2;0.41;0.3;2.1;0.083;35.0;72.0;0.997;3.44;0.52;9.4;5
978;7.0;0.4;0.32;3.6;0.061;9.0;29.0;0.99416;3.28;0.49;11.3;7
980;9.1;0.5;0.3;1.9;0.065;8.0;17.0;0.99774;3.32;0.71;10.5;6
982;7.3;0.52;0.32;2.1;0.07;51.0;70.0;0.99418;3.34;0.82;12.9;6
984;12.2;0.45;0.49;1.4;0.075;3.0;6.0;0.9969;3.13;0.63;10.4;5
986;9.8;0.34;0.39;1.4;0.066;3.0;7.0;0.9947;3.19;0.55;11.4;7
988;7.7;0.39;0.12;1.7;0.09699999999999999;19.0;27.0;0.9959600000000001;3.16;0.49;9.4;5
990;7.7;0.39;0.12;1.7;0.09699999999999999;19.0;27.0;0.9959600000000001;3.16;0.49;9.4;5
992;6.5;0.4;0.1;2.0;0.076;30.0;47.0;0.99554;3.36;0.48;9.4;6
994;10.0;0.35;0.45;2.5;0.092;20.0;88.0;0.99918;3.15;0.43;9.4;5
996;5.6;0.66;0.0;2.2;0.087;3.0;11.0;0.9937799999999999;3.71;0.63;12.8;7
998;8.9;0.84;0.34;1.4;0.05;4.0;10.0;0.99554;3.12;0.48;9.1;6
1000;7.5;0.43;0.3;2.2;0.062;6.0;12.0;0.99495;3.44;0.72;11.5;7
1002;9.1;0.29;0.33;2.05;0.063;13.0;27.0;0.99516;3.26;0.84;11.7;7
1004;8.2;0.43;0.29;1.6;0.081;27.0;45.0;0.99603;3.25;0.54;10.3;5
1006;9.1;0.29;0.33;2.05;0.063;13.0;27.0;0.99516;3.26;0.84;11.7;7
1008;8.9;0.35;0.4;3.6;0.11;12.0;24.0;0.99549;3.23;0.7;12.0;7
1010;8.9;0.28;0.45;1.7;0.067;7.0;12.0;0.99354;3.25;0.55;12.3;7
1012;7.7;1.005;0.15;2.1;0.102;11.0;32.0;0.9960399999999999;3.23;0.48;10.0;5
1014;8.0;0.58;0.16;2.0;0.12;3.0;7.0;0.99454;3.22;0.58;11.2;6
1016;8.9;0.38;0.4;2.2;0.068;12.0;28.0;0.9948600000000001;3.27;0.75;12.6;7
1018;8.0;0.18;0.37;0.9;0.049;36.0;109.0;0.9900700000000001;2.89;0.44;12.7;6
1020;11.3;0.36;0.66;2.4;0.12300000000000001;3.0;8.0;0.9964200000000001;3.2;0.53;11.9;6
1022;7.0;0.51;0.09;2.1;0.062;4.0;9.0;0.99584;3.35;0.54;10.5;5
1024;7.7;0.58;0.01;1.8;0.08800000000000001;12.0;18.0;0.9956799999999999;3.32;0.56;10.5;7
1026;7.9;0.31;0.32;1.9;0.066;14.0;36.0;0.99364;3.41;0.56;12.6;6
1028;7.2;0.34;0.21;2.5;0.075;41.0;68.0;0.9958600000000001;3.37;0.54;10.1;6
1030;7.1;0.59;0.0;2.1;0.091;9.0;14.0;0.9948799999999999;3.42;0.55;11.5;7
1032;8.1;0.82;0.0;4.1;0.095;5.0;14.0;0.99854;3.36;0.53;9.6;5
1034;8.9;0.745;0.18;2.5;0.077;15.0;48.0;0.99739;3.2;0.47;9.7;6
1036;7.6;0.31;0.34;2.5;0.08199999999999999;26.0;35.0;0.99356;3.22;0.59;12.5;7
1038;8.7;0.41;0.41;6.2;0.078;25.0;42.0;0.9953;3.24;0.77;12.6;7
1040;7.4;0.965;0.0;2.2;0.08800000000000001;16.0;32.0;0.99756;3.58;0.67;10.2;5
1042;8.9;0.5;0.21;2.2;0.08800000000000001;21.0;39.0;0.99692;3.33;0.83;11.1;6
1044;6.4;0.39;0.33;3.3;0.046;12.0;53.0;0.9929399999999999;3.36;0.62;12.2;6
1046;7.6;0.78;0.0;1.7;0.076;33.0;45.0;0.9961200000000001;3.31;0.62;10.7;6
1048;9.3;0.49;0.36;1.7;0.081;3.0;14.0;0.99702;3.27;0.78;10.9;6
1050;7.1;0.43;0.17;1.8;0.08199999999999999;27.0;51.0;0.99634;3.49;0.64;10.4;5
1052;5.6;0.605;0.05;2.4;0.073;19.0;25.0;0.9925799999999999;3.56;0.55;12.9;5
1054;8.2;0.64;0.27;2.0;0.095;5.0;77.0;0.9974700000000001;3.13;0.62;9.1;6
1056;8.9;0.48;0.53;4.0;0.10099999999999999;3.0;10.0;0.9958600000000001;3.21;0.59;12.1;7
1058;9.9;0.53;0.57;2.4;0.09300000000000001;30.0;52.0;0.9971;3.19;0.76;11.6;7
1060;11.6;0.23;0.57;1.8;0.07400000000000001;3.0;8.0;0.9981;3.14;0.7;9.9;6
1062;8.0;0.38;0.44;1.9;0.098;6.0;15.0;0.9956;3.3;0.64;11.4;6
1064;8.2;0.74;0.09;2.0;0.067;5.0;10.0;0.99418;3.28;0.57;11.8;6
1066;6.6;0.52;0.08;2.4;0.07;13.0;26.0;0.9935799999999999;3.4;0.72;12.5;7
1068;11.1;0.31;0.53;2.2;0.06;3.0;10.0;0.99572;3.02;0.83;10.9;7
1070;9.3;0.33;0.45;1.5;0.057;19.0;37.0;0.99498;3.18;0.89;11.1;7
1072;7.2;0.35;0.26;1.8;0.083;33.0;75.0;0.9968;3.4;0.58;9.5;6
1074;7.5;0.77;0.2;8.1;0.098;30.0;92.0;0.99892;3.2;0.58;9.2;5
1076;9.9;0.32;0.56;2.0;0.073;3.0;8.0;0.99534;3.15;0.73;11.4;6
1078;8.6;0.37;0.65;6.4;0.08;3.0;8.0;0.9981700000000001;3.27;0.58;11.0;5
1080;10.3;0.27;0.56;1.4;0.047;3.0;8.0;0.99471;3.16;0.51;11.8;6
1082;7.2;0.38;0.3;1.8;0.073;31.0;70.0;0.99685;3.42;0.59;9.5;6
1084;7.2;0.38;0.3;1.8;0.073;31.0;70.0;0.99685;3.42;0.59;9.5;6
1086;8.5;0.34;0.4;4.7;0.055;3.0;9.0;0.9973799999999999;3.38;0.66;11.6;7
1088;11.6;0.41;0.54;1.5;0.095;22.0;41.0;0.99735;3.02;0.76;9.9;7
1090;10.0;0.26;0.54;1.9;0.083;42.0;74.0;0.99451;2.98;0.63;11.8;8
1092;7.0;0.54;0.09;2.0;0.081;10.0;16.0;0.99479;3.43;0.59;11.5;6
1094;6.6;0.725;0.09;5.5;0.11699999999999999;9.0;17.0;0.99655;3.35;0.49;10.8;6
1096;6.6;0.725;0.09;5.5;0.11699999999999999;9.0;17.0;0.99655;3.35;0.49;10.8;6
1098;8.0;0.31;0.45;2.1;0.21600000000000003;5.0;16.0;0.9935799999999999;3.15;0.81;12.5;7
1100;8.4;0.34;0.42;2.1;0.07200000000000001;23.0;36.0;0.99392;3.11;0.78;12.4;6
1102;6.1;0.48;0.09;1.7;0.078;18.0;30.0;0.9940200000000001;3.45;0.54;11.2;6
1104;8.0;0.48;0.34;2.2;0.073;16.0;25.0;0.9936;3.28;0.66;12.4;6
1106;8.2;0.23;0.42;1.9;0.069;9.0;17.0;0.9937600000000001;3.21;0.54;12.3;6
1108;8.1;0.78;0.1;3.3;0.09;4.0;13.0;0.99855;3.36;0.49;9.5;5
1110;8.3;0.53;0.0;1.4;0.07;6.0;14.0;0.99593;3.25;0.64;10.0;6
1112;7.9;0.33;0.41;1.5;0.055999999999999994;6.0;35.0;0.9939600000000001;3.29;0.71;11.0;6
1114;5.0;0.4;0.5;4.3;0.046;29.0;80.0;0.9902;3.49;0.66;13.6;6
1116;7.0;0.69;0.07;2.5;0.091;15.0;21.0;0.99572;3.38;0.6;11.3;6
1118;7.1;0.39;0.12;2.1;0.065;14.0;24.0;0.9925200000000001;3.3;0.53;13.3;6
1120;7.9;0.54;0.34;2.5;0.076;8.0;17.0;0.99235;3.2;0.72;13.1;8
1122;6.3;0.47;0.0;1.4;0.055;27.0;33.0;0.9922;3.45;0.48;12.3;6
1124;6.5;0.58;0.0;2.2;0.096;3.0;13.0;0.9955700000000001;3.62;0.62;11.5;4
1126;5.8;0.29;0.26;1.7;0.063;3.0;11.0;0.9915;3.39;0.54;13.5;6
1128;10.0;0.43;0.33;2.7;0.095;28.0;89.0;0.9984;3.22;0.68;10.0;5
1130;9.1;0.6;0.0;1.9;0.057999999999999996;5.0;10.0;0.9977;3.18;0.63;10.4;6
1132;7.4;0.36;0.34;1.8;0.075;18.0;38.0;0.9933;3.38;0.88;13.6;7
1134;8.5;0.28;0.35;1.7;0.061;6.0;15.0;0.99524;3.3;0.74;11.8;7
1136;10.4;0.52;0.45;2.0;0.08;6.0;13.0;0.99774;3.22;0.76;11.4;6
1138;7.5;0.41;0.15;3.7;0.10400000000000001;29.0;94.0;0.9978600000000001;3.14;0.58;9.1;5
1140;7.3;0.4;0.3;1.7;0.08;33.0;79.0;0.9969;3.41;0.65;9.5;6
1142;6.9;0.45;0.11;2.4;0.043;6.0;12.0;0.99354;3.3;0.65;11.4;6
1144;7.3;0.32;0.23;2.3;0.066;35.0;70.0;0.9958799999999999;3.43;0.62;10.1;5
1146;7.8;0.5;0.12;1.8;0.17800000000000002;6.0;21.0;0.996;3.28;0.87;9.8;6
1148;7.8;0.39;0.42;2.0;0.086;9.0;21.0;0.99526;3.39;0.66;11.6;6
1150;8.2;0.33;0.32;2.8;0.067;4.0;12.0;0.9947299999999999;3.3;0.76;12.8;7
1152;8.3;0.6;0.25;2.2;0.11800000000000001;9.0;38.0;0.99616;3.15;0.53;9.8;5
1154;6.6;0.58;0.0;2.2;0.1;50.0;63.0;0.99544;3.59;0.68;11.4;6
1156;8.5;0.18;0.51;1.75;0.071;45.0;88.0;0.99524;3.33;0.76;11.8;7
1158;6.7;0.41;0.43;2.8;0.076;22.0;54.0;0.99572;3.42;1.16;10.6;6
1160;10.6;0.36;0.57;2.3;0.087;6.0;20.0;0.9967600000000001;3.14;0.72;11.1;7
1162;8.5;0.32;0.42;2.3;0.075;12.0;19.0;0.99434;3.14;0.71;11.8;7
1164;9.0;0.785;0.24;1.7;0.078;10.0;21.0;0.99692;3.29;0.67;10.0;5
1166;9.9;0.54;0.26;2.0;0.111;7.0;60.0;0.9970899999999999;2.94;0.98;10.2;5
1168;6.5;0.34;0.27;2.8;0.067;8.0;44.0;0.99384;3.21;0.56;12.0;6
1170;9.2;0.36;0.34;1.6;0.062;5.0;12.0;0.9966700000000001;3.2;0.67;10.5;6
1172;9.7;0.42;0.46;2.1;0.07400000000000001;5.0;16.0;0.99649;3.27;0.74;12.3;6
1174;7.6;0.36;0.31;1.7;0.079;26.0;65.0;0.99716;3.46;0.62;9.5;6
1176;6.5;0.88;0.03;5.6;0.079;23.0;47.0;0.99572;3.58;0.5;11.2;4
1178;5.6;0.915;0.0;2.1;0.040999999999999995;17.0;78.0;0.99346;3.68;0.73;11.4;5
1180;8.2;0.35;0.33;2.4;0.076;11.0;47.0;0.9959899999999999;3.27;0.81;11.0;6
1182;10.2;0.4;0.4;2.5;0.068;41.0;54.0;0.99754;3.38;0.86;10.5;6
1184;6.7;0.64;0.23;2.1;0.08;11.0;119.0;0.9953799999999999;3.36;0.7;10.9;5
1186;6.6;0.8;0.03;7.8;0.079;6.0;12.0;0.9963;3.52;0.5;12.2;5
1188;6.7;0.64;0.23;2.1;0.08;11.0;119.0;0.9953799999999999;3.36;0.7;10.9;5
1190;9.1;0.4;0.57;4.6;0.08;6.0;20.0;0.9965200000000001;3.28;0.57;12.5;6
1192;7.2;0.25;0.37;2.5;0.063;11.0;41.0;0.99439;3.52;0.8;12.4;7
1194;7.0;0.745;0.12;1.8;0.114;15.0;64.0;0.9958799999999999;3.22;0.59;9.5;6
1196;7.9;0.58;0.23;2.3;0.076;23.0;94.0;0.9968600000000001;3.21;0.58;9.5;6
1198;7.7;0.26;0.26;2.0;0.052000000000000005;19.0;77.0;0.9951;3.15;0.79;10.9;6
1200;7.7;0.57;0.21;1.5;0.069;4.0;9.0;0.9945799999999999;3.16;0.54;9.8;6
1202;8.6;0.42;0.39;1.8;0.068;6.0;12.0;0.99516;3.35;0.69;11.7;8
1204;7.2;0.36;0.46;2.1;0.07400000000000001;24.0;44.0;0.99534;3.4;0.85;11.0;7
1206;7.2;0.36;0.46;2.1;0.07400000000000001;24.0;44.0;0.99534;3.4;0.85;11.0;7
1208;7.2;0.36;0.46;2.1;0.07400000000000001;24.0;44.0;0.99534;3.4;0.85;11.0;7
1210;6.8;0.65;0.02;2.1;0.078;8.0;15.0;0.99498;3.35;0.62;10.4;6
1212;6.8;0.65;0.02;2.1;0.078;8.0;15.0;0.99498;3.35;0.62;10.4;6
1214;10.2;0.33;0.46;1.9;0.081;6.0;9.0;0.9962799999999999;3.1;0.48;10.4;6
1216;7.9;0.57;0.31;2.0;0.079;10.0;79.0;0.99677;3.29;0.69;9.5;6
1218;8.2;0.4;0.31;1.9;0.08199999999999999;8.0;24.0;0.996;3.24;0.69;10.6;6
1220;10.9;0.32;0.52;1.8;0.132;17.0;44.0;0.99734;3.28;0.77;11.5;6
1222;8.1;0.53;0.22;2.2;0.078;33.0;89.0;0.9967799999999999;3.26;0.46;9.6;6
1224;12.6;0.39;0.49;2.5;0.08;8.0;20.0;0.9992;3.07;0.82;10.3;6
1226;7.5;0.58;0.03;4.1;0.08;27.0;46.0;0.99592;3.02;0.47;9.2;5
1228;5.1;0.42;0.0;1.8;0.044000000000000004;18.0;88.0;0.9915700000000001;3.68;0.73;13.6;7
1230;7.7;0.18;0.34;2.7;0.066;15.0;58.0;0.9947;3.37;0.78;11.8;6
1232;7.6;0.43;0.29;2.1;0.075;19.0;66.0;0.99718;3.4;0.64;9.5;5
1234;7.1;0.75;0.01;2.2;0.059000000000000004;11.0;18.0;0.9924200000000001;3.39;0.4;12.8;6
1236;7.8;0.55;0.0;1.7;0.07;7.0;17.0;0.99659;3.26;0.64;9.4;6
1238;8.1;0.73;0.0;2.5;0.081;12.0;24.0;0.99798;3.38;0.46;9.6;4
1240;7.5;0.61;0.2;1.7;0.076;36.0;60.0;0.9949399999999999;3.1;0.4;9.3;5
1242;9.0;0.4;0.41;2.0;0.057999999999999996;15.0;40.0;0.9941399999999999;3.22;0.6;12.2;6
1244;5.9;0.29;0.25;13.4;0.067;72.0;160.0;0.99721;3.33;0.54;10.3;6
1246;7.4;0.74;0.07;1.7;0.086;15.0;48.0;0.9950200000000001;3.12;0.48;10.0;5
1248;6.9;0.41;0.33;2.2;0.081;22.0;36.0;0.9949;3.41;0.75;11.1;6
1250;7.1;0.6;0.01;2.3;0.079;24.0;37.0;0.9951399999999999;3.4;0.61;10.9;6
1252;7.1;0.72;0.0;1.8;0.12300000000000001;6.0;14.0;0.9962700000000001;3.45;0.58;9.8;5
1254;7.8;0.7;0.06;1.9;0.079;20.0;35.0;0.9962799999999999;3.4;0.69;10.9;5
1256;7.5;0.59;0.22;1.8;0.08199999999999999;43.0;60.0;0.9949899999999999;3.1;0.42;9.2;5
1258;6.8;0.64;0.0;2.7;0.12300000000000001;15.0;33.0;0.9953799999999999;3.44;0.63;11.3;6
1260;8.6;0.635;0.68;1.8;0.40299999999999997;19.0;56.0;0.9963200000000001;3.02;1.15;9.3;5
1262;9.8;0.45;0.38;2.5;0.081;34.0;66.0;0.99726;3.15;0.58;9.8;5
1264;8.5;0.37;0.32;1.8;0.066;26.0;51.0;0.99456;3.38;0.72;11.8;6
1266;7.2;0.57;0.05;2.3;0.081;16.0;36.0;0.99564;3.38;0.6;10.3;6
1268;6.9;0.41;0.31;2.0;0.079;21.0;51.0;0.9966799999999999;3.47;0.55;9.5;6
1270;5.0;0.38;0.01;1.6;0.048;26.0;60.0;0.9908399999999999;3.7;0.75;14.0;6
1272;5.9;0.46;0.0;1.9;0.077;25.0;44.0;0.99385;3.5;0.53;11.2;5
1274;7.8;0.58;0.13;2.1;0.102;17.0;36.0;0.9944;3.24;0.53;11.2;6
1276;8.5;0.4;0.4;6.3;0.05;3.0;10.0;0.99566;3.28;0.56;12.0;4
1278;8.0;0.715;0.22;2.3;0.075;13.0;81.0;0.9968799999999999;3.24;0.54;9.5;6
1280;7.1;0.46;0.2;1.9;0.077;28.0;54.0;0.9956;3.37;0.64;10.4;6
1282;7.9;0.765;0.0;2.0;0.084;9.0;22.0;0.9961899999999999;3.33;0.68;10.9;6
1284;7.0;0.42;0.19;2.3;0.071;18.0;36.0;0.9947600000000001;3.39;0.56;10.9;5
1286;7.1;0.16;0.44;2.5;0.068;17.0;31.0;0.9932799999999999;3.35;0.54;12.4;6
1288;7.0;0.6;0.3;4.5;0.068;20.0;110.0;0.9991399999999999;3.3;1.17;10.2;5
1290;7.6;0.74;0.0;1.9;0.1;6.0;12.0;0.99521;3.36;0.59;11.0;5
1292;5.9;0.395;0.13;2.4;0.055999999999999994;14.0;28.0;0.9936200000000001;3.62;0.67;12.4;6
1294;8.2;0.635;0.1;2.1;0.073;25.0;60.0;0.9963799999999999;3.29;0.75;10.9;6
1296;6.6;0.63;0.0;4.3;0.09300000000000001;51.0;77.5;0.9955799999999999;3.2;0.45;9.5;5
1298;5.7;0.6;0.0;1.4;0.063;11.0;18.0;0.9919100000000001;3.45;0.56;12.2;6
1300;5.2;0.645;0.0;2.15;0.08;15.0;28.0;0.99444;3.78;0.61;12.5;6
1302;9.1;0.37;0.32;2.1;0.064;4.0;15.0;0.9957600000000001;3.3;0.8;11.2;6
1304;7.6;0.79;0.21;2.3;0.087;21.0;68.0;0.9955;3.12;0.44;9.2;5
1306;9.7;0.69;0.32;2.5;0.08800000000000001;22.0;91.0;0.9979;3.29;0.62;10.1;5
1308;9.7;0.69;0.32;2.5;0.08800000000000001;22.0;91.0;0.9979;3.29;0.62;10.1;5
1310;7.5;0.61;0.26;1.9;0.073;24.0;88.0;0.9961200000000001;3.3;0.53;9.8;5
1312;8.0;1.18;0.21;1.9;0.083;14.0;41.0;0.9953200000000001;3.34;0.47;10.5;5
1314;7.0;0.36;0.21;2.4;0.086;24.0;69.0;0.99556;3.4;0.53;10.1;6
1316;5.4;0.74;0.0;1.2;0.040999999999999995;16.0;46.0;0.9925799999999999;4.01;0.59;12.5;6
1318;7.5;0.63;0.27;2.0;0.083;17.0;91.0;0.99616;3.26;0.58;9.8;6
1320;9.7;0.66;0.34;2.6;0.094;12.0;88.0;0.9979600000000001;3.26;0.66;10.1;5
1322;9.1;0.34;0.42;1.8;0.057999999999999996;9.0;18.0;0.99392;3.18;0.55;11.4;5
1324;6.7;0.46;0.24;1.7;0.077;18.0;34.0;0.9948;3.39;0.6;10.6;6
1326;6.7;0.46;0.24;1.7;0.077;18.0;34.0;0.9948;3.39;0.6;10.6;6
1328;6.5;0.52;0.11;1.8;0.073;13.0;38.0;0.9955;3.34;0.52;9.3;5
1330;7.4;0.6;0.26;2.1;0.083;17.0;91.0;0.99616;3.29;0.56;9.8;6
1332;8.4;0.39;0.1;1.7;0.075;6.0;25.0;0.9958100000000001;3.09;0.43;9.7;6
1334;7.2;0.835;0.0;2.0;0.166;4.0;11.0;0.99608;3.39;0.52;10.0;5
1336;6.0;0.5;0.0;1.4;0.057;15.0;26.0;0.9944799999999999;3.36;0.45;9.5;5
1338;6.0;0.5;0.0;1.4;0.057;15.0;26.0;0.9944799999999999;3.36;0.45;9.5;5
1340;7.5;0.51;0.02;1.7;0.084;13.0;31.0;0.9953799999999999;3.36;0.54;10.5;6
1342;7.6;0.54;0.02;1.7;0.085;17.0;31.0;0.9958899999999999;3.37;0.51;10.4;6
1344;11.5;0.42;0.48;2.6;0.077;8.0;20.0;0.9985200000000001;3.09;0.53;11.0;5
1346;6.1;0.59;0.01;2.1;0.055999999999999994;5.0;13.0;0.99472;3.52;0.56;11.4;5
1348;7.2;0.655;0.03;1.8;0.078;7.0;12.0;0.99587;3.34;0.39;9.5;5
1350;9.0;0.6;0.29;2.0;0.069;32.0;73.0;0.99654;3.34;0.57;10.0;5
1352;7.6;0.645;0.03;1.9;0.086;14.0;57.0;0.9969;3.37;0.46;10.3;5
1354;7.2;0.58;0.03;2.3;0.077;7.0;28.0;0.9956799999999999;3.35;0.52;10.0;5
1356;6.1;0.34;0.25;1.8;0.084;4.0;28.0;0.99464;3.36;0.44;10.1;5
1358;7.4;0.64;0.17;5.4;0.168;52.0;98.0;0.99736;3.28;0.5;9.5;5
1360;9.2;0.54;0.31;2.3;0.11199999999999999;11.0;38.0;0.9969899999999999;3.24;0.56;10.9;5
1362;11.6;0.475;0.4;1.4;0.091;6.0;28.0;0.9970399999999999;3.07;0.65;10.0333333333333;6
1364;7.2;0.605;0.02;1.9;0.096;10.0;31.0;0.995;3.46;0.53;11.8;6
1366;7.3;0.74;0.08;1.7;0.094;10.0;45.0;0.9957600000000001;3.24;0.5;9.8;5
1368;8.0;0.77;0.32;2.1;0.079;16.0;74.0;0.99656;3.27;0.5;9.8;6
1370;8.7;0.78;0.51;1.7;0.415;12.0;66.0;0.99623;3.0;1.17;9.2;5
1372;8.7;0.78;0.51;1.7;0.415;12.0;66.0;0.99623;3.0;1.17;9.2;5
1374;6.8;0.815;0.0;1.2;0.267;16.0;29.0;0.99471;3.32;0.51;9.8;3
1376;8.2;0.885;0.2;1.4;0.086;7.0;31.0;0.9946;3.11;0.46;10.0;5
1378;7.2;0.45;0.15;2.0;0.078;10.0;28.0;0.9960899999999999;3.29;0.51;9.9;6
1380;7.5;0.57;0.02;2.6;0.077;11.0;35.0;0.9955700000000001;3.36;0.62;10.8;6
1382;8.0;0.6;0.22;2.1;0.08;25.0;105.0;0.99613;3.3;0.49;9.9;5
1384;7.1;0.755;0.15;1.8;0.107;20.0;84.0;0.99593;3.19;0.5;9.5;5
1386;7.4;0.64;0.07;1.8;0.1;8.0;23.0;0.9961;3.3;0.58;9.6;5
1388;6.6;0.64;0.31;6.1;0.083;7.0;49.0;0.99718;3.35;0.68;10.3;5
1390;6.0;0.49;0.0;2.3;0.068;15.0;33.0;0.99292;3.58;0.59;12.5;6
1392;7.1;0.62;0.06;1.3;0.07;5.0;12.0;0.9942;3.17;0.48;9.8;5
1394;6.4;0.57;0.14;3.9;0.07;27.0;73.0;0.99669;3.32;0.48;9.2;5
1396;8.7;0.675;0.1;1.6;0.09;4.0;11.0;0.99745;3.31;0.65;9.55;5
1398;7.0;0.6;0.12;2.2;0.083;13.0;28.0;0.9966;3.52;0.62;10.2;7
1400;7.9;0.69;0.21;2.1;0.08;33.0;141.0;0.9962;3.25;0.51;9.9;5
1402;7.6;0.3;0.42;2.0;0.052000000000000005;6.0;24.0;0.9963;3.44;0.82;11.9;6
1404;8.0;0.5;0.39;2.6;0.08199999999999999;12.0;46.0;0.9985;3.43;0.62;10.7;6
1406;8.2;0.24;0.34;5.1;0.062;8.0;22.0;0.9974;3.22;0.94;10.9;6
1408;8.1;0.29;0.36;2.2;0.048;35.0;53.0;0.995;3.27;1.01;12.4;7
1410;6.6;0.96;0.0;1.8;0.08199999999999999;5.0;16.0;0.9936;3.5;0.44;11.9;6
1412;8.2;0.24;0.34;5.1;0.062;8.0;22.0;0.9974;3.22;0.94;10.9;6
1414;10.0;0.32;0.59;2.2;0.077;3.0;15.0;0.9994;3.2;0.78;9.6;5
1416;10.0;0.32;0.59;2.2;0.077;3.0;15.0;0.9994;3.2;0.78;9.6;5
1418;7.8;0.53;0.01;1.6;0.077;3.0;19.0;0.995;3.16;0.46;9.8;5
1420;7.8;0.53;0.01;1.6;0.077;3.0;19.0;0.995;3.16;0.46;9.8;5
1422;7.0;0.54;0.0;2.1;0.079;39.0;55.0;0.9956;3.39;0.84;11.4;6
1424;8.3;0.26;0.37;1.4;0.076;8.0;23.0;0.9974;3.26;0.7;9.6;6
1426;7.7;0.23;0.37;1.8;0.046;23.0;60.0;0.9971;3.41;0.71;12.1;6
1428;7.8;0.64;0.0;1.9;0.07200000000000001;27.0;55.0;0.9962;3.31;0.63;11.0;5
1430;7.4;0.41;0.24;1.8;0.066;18.0;47.0;0.9956;3.37;0.62;10.4;5
1432;5.9;0.44;0.0;1.6;0.042;3.0;11.0;0.9944;3.48;0.85;11.7;6
1434;10.2;0.54;0.37;15.4;0.214;55.0;95.0;1.00369;3.18;0.77;9.0;6
1436;10.0;0.38;0.38;1.6;0.16899999999999998;27.0;90.0;0.9991399999999999;3.15;0.65;8.5;5
1438;7.0;0.59;0.0;1.7;0.052000000000000005;3.0;8.0;0.996;3.41;0.47;10.3;5
1440;7.2;0.37;0.32;2.0;0.062;15.0;28.0;0.9947;3.23;0.73;11.3;7
1442;6.9;0.63;0.02;1.9;0.078;18.0;30.0;0.9971200000000001;3.4;0.75;9.8;5
1444;7.3;0.67;0.02;2.2;0.07200000000000001;31.0;92.0;0.99566;3.32;0.68;11.1;6
1446;6.9;0.63;0.02;1.9;0.078;18.0;30.0;0.9971200000000001;3.4;0.75;9.8;5
1448;6.9;0.58;0.01;1.9;0.08;40.0;54.0;0.9968299999999999;3.4;0.73;9.7;5
1450;7.2;0.37;0.32;2.0;0.062;15.0;28.0;0.9947;3.23;0.73;11.3;7
1452;6.6;0.58;0.02;2.0;0.062;37.0;53.0;0.99374;3.35;0.76;11.6;7
1454;11.7;0.45;0.63;2.2;0.073;7.0;23.0;0.99974;3.21;0.69;10.9;6
1456;6.0;0.54;0.06;1.8;0.05;38.0;89.0;0.99236;3.3;0.5;10.55;6
1458;8.4;0.29;0.4;1.7;0.067;8.0;20.0;0.99603;3.39;0.6;10.5;5
1460;6.4;0.42;0.09;2.3;0.054000000000000006;34.0;64.0;0.99724;3.41;0.68;10.4;6
1462;6.8;0.64;0.03;2.3;0.075;14.0;31.0;0.99545;3.36;0.58;10.4;6
1464;6.8;0.59;0.1;1.7;0.063;34.0;53.0;0.9958;3.41;0.67;9.7;5
1466;7.3;0.48;0.32;2.1;0.062;31.0;54.0;0.9972799999999999;3.3;0.65;10.0;7
1468;7.3;0.48;0.32;2.1;0.062;31.0;54.0;0.9972799999999999;3.3;0.65;10.0;7
1470;10.0;0.69;0.11;1.4;0.084;8.0;24.0;0.9957799999999999;2.88;0.47;9.7;5
1472;7.6;0.35;0.6;2.6;0.073;23.0;44.0;0.99656;3.38;0.79;11.1;6
1474;9.9;0.5;0.5;13.8;0.205;48.0;82.0;1.00242;3.16;0.75;8.8;5
1476;9.9;0.5;0.5;13.8;0.205;48.0;82.0;1.00242;3.16;0.75;8.8;5
1478;7.1;0.875;0.05;5.7;0.08199999999999999;3.0;14.0;0.99808;3.4;0.52;10.2;3
1480;5.6;0.62;0.03;1.5;0.08;6.0;13.0;0.99498;3.66;0.62;10.1;4
1482;7.2;0.58;0.54;2.1;0.114;3.0;9.0;0.9971899999999999;3.33;0.57;10.3;4
1484;6.8;0.91;0.06;2.0;0.06;4.0;11.0;0.99592;3.53;0.64;10.9;4
1486;6.8;0.68;0.21;2.1;0.07;9.0;23.0;0.99546;3.38;0.6;10.3;5
1488;5.6;0.54;0.04;1.7;0.049;5.0;13.0;0.9942;3.72;0.58;11.4;5
1490;7.1;0.22;0.49;1.8;0.039;8.0;18.0;0.99344;3.39;0.56;12.4;6
1492;6.2;0.65;0.06;1.6;0.05;6.0;18.0;0.9934799999999999;3.57;0.54;11.95;5
1494;6.4;0.31;0.09;1.4;0.066;15.0;28.0;0.99459;3.42;0.7;10.0;7
1496;7.7;0.54;0.26;1.9;0.08900000000000001;23.0;147.0;0.99636;3.26;0.59;9.7;5
1498;6.6;0.895;0.04;2.3;0.068;7.0;13.0;0.99582;3.53;0.58;10.8;6
1500;7.5;0.725;0.04;1.5;0.076;8.0;15.0;0.99508;3.26;0.53;9.6;5
1502;7.3;0.585;0.18;2.4;0.078;15.0;60.0;0.9963799999999999;3.31;0.54;9.8;5
1504;7.5;0.38;0.57;2.3;0.106;5.0;12.0;0.99605;3.36;0.55;11.4;6
1506;6.8;0.81;0.05;2.0;0.07;6.0;14.0;0.9956200000000001;3.51;0.66;10.8;6
1508;7.1;0.27;0.6;2.1;0.07400000000000001;17.0;25.0;0.9981399999999999;3.38;0.72;10.6;6
1510;6.4;0.36;0.21;2.2;0.047;26.0;48.0;0.99661;3.47;0.77;9.7;6
1512;6.4;0.79;0.04;2.2;0.061;11.0;17.0;0.9958799999999999;3.53;0.65;10.4;6
1514;6.9;0.84;0.21;4.1;0.07400000000000001;16.0;65.0;0.9984200000000001;3.53;0.72;9.23333333333333;6
1516;6.1;0.32;0.25;2.3;0.071;23.0;58.0;0.9963299999999999;3.42;0.97;10.6;5
1518;7.4;0.47;0.46;2.2;0.114;7.0;20.0;0.9964700000000001;3.32;0.63;10.5;5
1520;6.5;0.53;0.06;2.0;0.063;29.0;44.0;0.9948899999999999;3.38;0.83;10.3;6
1522;6.1;0.32;0.25;2.3;0.071;23.0;58.0;0.9963299999999999;3.42;0.97;10.6;5
1524;6.0;0.42;0.19;2.0;0.075;22.0;47.0;0.9952200000000001;3.39;0.78;10.0;6
1526;6.8;0.47;0.08;2.2;0.064;18.0;38.0;0.9955299999999999;3.3;0.65;9.6;6
1528;7.9;0.29;0.49;2.2;0.096;21.0;59.0;0.9971399999999999;3.31;0.67;10.1;6
1530;6.6;0.44;0.09;2.2;0.063;9.0;18.0;0.99444;3.42;0.69;11.3;6
1532;7.2;0.53;0.13;2.0;0.057999999999999996;18.0;22.0;0.9957299999999999;3.21;0.68;9.9;6
1534;6.6;0.56;0.14;2.4;0.064;13.0;29.0;0.99397;3.42;0.62;11.7;7
1536;6.1;0.53;0.08;1.9;0.077;24.0;45.0;0.9952799999999999;3.6;0.68;10.3;6
1538;6.2;0.64;0.09;2.5;0.081;15.0;26.0;0.9953799999999999;3.57;0.63;12.0;5
1540;6.2;0.52;0.08;4.4;0.071;11.0;32.0;0.99646;3.56;0.63;11.6;6
1542;6.7;0.855;0.02;1.9;0.064;29.0;38.0;0.99472;3.3;0.56;10.75;6
1544;8.4;0.37;0.43;2.3;0.063;12.0;19.0;0.9955;3.17;0.81;11.2;7
1546;7.0;0.57;0.02;2.0;0.07200000000000001;17.0;26.0;0.99575;3.36;0.61;10.2;5
1548;11.2;0.4;0.5;2.0;0.099;19.0;50.0;0.9978299999999999;3.1;0.58;10.4;5
1550;7.1;0.68;0.0;2.3;0.087;17.0;26.0;0.9978299999999999;3.45;0.53;9.5;5
1552;6.3;0.68;0.01;3.7;0.10300000000000001;32.0;54.0;0.9958600000000001;3.51;0.66;11.3;6
1554;6.6;0.855;0.02;2.4;0.062;15.0;23.0;0.9962700000000001;3.54;0.6;11.0;6
1556;6.6;0.88;0.04;2.2;0.066;12.0;20.0;0.99636;3.53;0.56;9.9;5
1558;6.9;0.63;0.33;6.7;0.235;66.0;115.0;0.99787;3.22;0.56;9.5;5
1560;7.8;0.6;0.26;2.0;0.08;31.0;131.0;0.9962200000000001;3.21;0.52;9.9;5
1562;7.2;0.695;0.13;2.0;0.076;12.0;20.0;0.99546;3.29;0.54;10.1;5
1564;7.2;0.695;0.13;2.0;0.076;12.0;20.0;0.99546;3.29;0.54;10.1;5
1566;6.7;0.16;0.64;2.1;0.059000000000000004;24.0;52.0;0.9949399999999999;3.34;0.71;11.2;6
1568;7.0;0.56;0.13;1.6;0.077;25.0;42.0;0.99629;3.34;0.59;9.2;5
1570;6.4;0.36;0.53;2.2;0.23;19.0;35.0;0.9934;3.37;0.93;12.4;6
1572;7.3;0.69;0.32;2.2;0.069;35.0;104.0;0.9963200000000001;3.33;0.51;9.5;5
1574;5.6;0.31;0.78;13.9;0.07400000000000001;23.0;92.0;0.99677;3.39;0.48;10.5;6
1576;8.0;0.3;0.63;1.6;0.081;16.0;29.0;0.9958799999999999;3.3;0.78;10.8;6
1578;6.8;0.67;0.15;1.8;0.11800000000000001;13.0;20.0;0.9954;3.42;0.67;11.3;6
1580;7.4;0.35;0.33;2.4;0.068;9.0;26.0;0.9947;3.36;0.6;11.9;6
1582;6.1;0.715;0.1;2.6;0.053;13.0;27.0;0.9936200000000001;3.57;0.5;11.9;5
1584;6.7;0.32;0.44;2.4;0.061;24.0;34.0;0.99484;3.29;0.8;11.6;7
1586;7.5;0.31;0.41;2.4;0.065;34.0;60.0;0.99492;3.34;0.85;11.4;6
1588;7.2;0.66;0.33;2.5;0.068;34.0;102.0;0.9941399999999999;3.27;0.78;12.8;6
1590;6.3;0.55;0.15;1.8;0.077;26.0;35.0;0.9931399999999999;3.32;0.82;11.6;6
1592;6.3;0.51;0.13;2.3;0.076;29.0;40.0;0.99574;3.42;0.75;11.0;6
1594;6.2;0.6;0.08;2.0;0.09;32.0;44.0;0.9949;3.45;0.58;10.5;5
1596;6.3;0.51;0.13;2.3;0.076;29.0;40.0;0.99574;3.42;0.75;11.0;6
1598;6.0;0.31;0.47;3.6;0.067;18.0;42.0;0.99549;3.39;0.66;11.0;6
